SRR,Sample,condition,condition_type,SampleKey,StrainType
SRR12170052,MG1655_WT_WT_1,Wild,WT,MG1655_WT,MG1655
SRR12170055,MG1655_F057_MID_1,Evolved,Mid,MG1655_F057,MG1655
SRR12170063,Crooks_F055_MID_1,Evolved,Mid,Crooks_F055,Crooks
SRR12170064,BL21_F179_MID_1,Evolved,Mid,BL21_F179,BL21
SRR12170065,Crooks_F121_EP_2,Evolved,Endpoint,Crooks_F121,Crooks
SRR12170062,Crooks_F055_MID_2,Evolved,Mid,Crooks_F055,Crooks
SRR12170053,BL21_F179_MID,Evolved,Mid,BL21_F179_MID,BL21
SRR12170049,W3110_F037_MID,Evolved,Mid,W3110_F037_MID,W3110
SRR12170076,BL21_F102_MID_1,Evolved,Mid,BL21_F102,BL21
SRR12170047,W3110_F164_MID_2,Evolved,Mid,W3110_F164,W3110
SRR12170046,W3110_F289_EP_1,Evolved,Endpoint,W3110_F289,W3110
SRR12170048,W3110_F164_MID_1,Evolved,Mid,W3110_F164,W3110
SRR12170051,MG1655_WT_WT_2,Wild,WT,MG1655_WT,MG1655
SRR12170058,MG1655_F133_MID_2,Evolved,Mid,MG1655_F133,MG1655
SRR12170060,Crooks_WT_WT_2,Wild,WT,Crooks_WT,Crooks
SRR12170061,Crooks_WT_WT_1,Wild,WT,Crooks_WT,Crooks
SRR12170066,Crooks_F121_EP_1,Evolved,Endpoint,Crooks_F121,Crooks
SRR12170059,MG1655_F133_MID_1,Evolved,Mid,MG1655_F133,MG1655
SRR12170050,W3110_F037_MID_1,Evolved,Mid,W3110_F037,W3110
SRR12170075,W3110_F037_MID_1,Evolved,Mid,W3110_F037,W3110
SRR12170044,W3110_WT_WT_1,Wild,WT,W3110_WT,W3110
SRR12170043,W3110_WT_WT_2,Wild,WT,W3110_WT,W3110
SRR12170045,W3110_F289_EP_2,Evolved,Endpoint,W3110_F289,W3110
SRR12170054,MG1655_F057_MID_2,Evolved,Mid,MG1655_F057,MG1655
SRR12170056,MG1655_F001_MID_2,Evolved,Mid,MG1655_F001,MG1655
SRR12170057,ÊMG1655_F001_MID_1,Evolved,Mid,ÊMG1655_F001,
SRR12170071,C_F202_MID_2,Evolved,Mid,C_F202,C
SRR12170072,C_F202_MID_1,Evolved,Mid,C_F202,C
